{"cameraMode":{"drawMode":0,"name":"Shaded","section":"Shading Mode"},"sceneLighting":true,"audioPlay":false,"sceneViewState":{"showFog":true,"showMaterialUpdate":false,"showSkybox":true,"showFlares":true,"showImageEffects":true,"showParticleSystems":true},"in2DMode":false,"pivot":{"x":8.730549812316895,"y":-0.9291107654571533,"z":-15.040959358215332},"rotation":{"x":-0.03756699711084366,"y":0.9461015462875366,"z":-0.11868848651647568,"w":-0.29913878440856936},"size":5.872958660125732,"orthographic":false}