{"cameraMode":{"drawMode":0,"name":"Shaded","section":"Shading Mode"},"sceneLighting":false,"audioPlay":false,"sceneViewState":{"showFog":true,"showMaterialUpdate":false,"showSkybox":false,"showFlares":true,"showImageEffects":true,"showParticleSystems":true},"in2DMode":false,"pivot":{"x":0.3501649498939514,"y":1.129272222518921,"z":0.01755949854850769},"rotation":{"x":-0.07350751012563706,"y":-0.7764186263084412,"z":-0.09220182150602341,"w":0.619124710559845},"size":0.6406892538070679,"orthographic":false}