{"cameraMode":{"drawMode":0,"name":"Shaded","section":"Shading Mode"},"sceneLighting":false,"audioPlay":false,"sceneViewState":{"showFog":true,"showMaterialUpdate":false,"showSkybox":false,"showFlares":true,"showImageEffects":true,"showParticleSystems":true},"in2DMode":false,"pivot":{"x":0.6455570459365845,"y":1.0245873928070069,"z":-0.08256649971008301},"rotation":{"x":0.011370196007192135,"y":-0.9092081785202026,"z":0.024827763438224794,"w":0.4155060648918152},"size":0.9406892657279968,"orthographic":false}