{"cameraMode":{"drawMode":0,"name":"Shaded","section":"Shading Mode"},"sceneLighting":false,"audioPlay":false,"sceneViewState":{"showFog":true,"showMaterialUpdate":false,"showSkybox":false,"showFlares":true,"showImageEffects":true,"showParticleSystems":true},"in2DMode":false,"pivot":{"x":-0.09000000357627869,"y":1.2999999523162842,"z":-2.3299999237060549},"rotation":{"x":-0.03596936911344528,"y":0.6070367097854614,"z":-0.02752844989299774,"w":-0.7934068441390991},"size":0.08660247921943665,"orthographic":false}