{"cameraMode":{"drawMode":0,"name":"Shaded","section":"Shading Mode"},"sceneLighting":false,"audioPlay":false,"sceneViewState":{"showFog":true,"showMaterialUpdate":false,"showSkybox":false,"showFlares":true,"showImageEffects":true,"showParticleSystems":true},"in2DMode":false,"pivot":{"x":2.3399999141693117,"y":0.2500009536743164,"z":-4.467674255371094},"rotation":{"x":-0.1278919130563736,"y":0.7250222563743591,"z":-0.14004437625408173,"w":-0.6621034741401672},"size":0.5196153521537781,"orthographic":false}