{"cameraMode":{"drawMode":0,"name":"Shaded","section":"Shading Mode"},"sceneLighting":true,"audioPlay":false,"sceneViewState":{"showFog":true,"showMaterialUpdate":false,"showSkybox":true,"showFlares":true,"showImageEffects":true,"showParticleSystems":true},"in2DMode":false,"pivot":{"x":24.719999313354493,"y":1.0099987983703614,"z":-7.03000020980835},"rotation":{"x":-0.21003933250904084,"y":0.5816071033477783,"z":-0.15871259570121766,"w":-0.7697049379348755},"size":1.0472819805145264,"orthographic":false}