{"cameraMode":{"drawMode":0,"name":"Shaded","section":"Shading Mode"},"sceneLighting":false,"audioPlay":false,"sceneViewState":{"showFog":true,"showMaterialUpdate":false,"showSkybox":false,"showFlares":true,"showImageEffects":true,"showParticleSystems":true},"in2DMode":false,"pivot":{"x":9.989999771118164,"y":1.0099999904632569,"z":-11.57800006866455},"rotation":{"x":-0.16296017169952393,"y":-0.09103157371282578,"z":0.015102142468094826,"w":-0.9823094606399536},"size":1.5,"orthographic":false}