{"cameraMode":{"drawMode":0,"name":"Shaded","section":"Shading Mode"},"sceneLighting":false,"audioPlay":false,"sceneViewState":{"showFog":true,"showMaterialUpdate":false,"showSkybox":false,"showFlares":true,"showImageEffects":true,"showParticleSystems":true},"in2DMode":false,"pivot":{"x":8.077082633972168,"y":1.000001072883606,"z":-4.129175186157227},"rotation":{"x":-0.08624248206615448,"y":0.03345806524157524,"z":-0.0029000272043049337,"w":-0.9957144856452942},"size":1.047282099723816,"orthographic":false}