{"cameraMode":{"drawMode":0,"name":"Shaded","section":"Shading Mode"},"sceneLighting":true,"audioPlay":false,"sceneViewState":{"showFog":true,"showMaterialUpdate":false,"showSkybox":true,"showFlares":true,"showImageEffects":true,"showParticleSystems":true},"in2DMode":false,"pivot":{"x":-2.791276216506958,"y":2.02329158782959,"z":-5.300195217132568},"rotation":{"x":0.061408352106809619,"y":-0.8697749972343445,"z":0.4766385555267334,"w":0.11203166842460633},"size":2.462003707885742,"orthographic":false}