{"cameraMode":{"drawMode":0,"name":"Shaded","section":"Shading Mode"},"sceneLighting":true,"audioPlay":false,"sceneViewState":{"showFog":true,"showMaterialUpdate":false,"showSkybox":true,"showFlares":true,"showImageEffects":true,"showParticleSystems":true},"in2DMode":false,"pivot":{"x":12.799463272094727,"y":1.705244779586792,"z":-7.25219202041626},"rotation":{"x":-0.12489598244428635,"y":0.47463035583496096,"z":-0.06824494153261185,"w":-0.8686046004295349},"size":9.882678985595704,"orthographic":false}