{"cameraMode":{"drawMode":0,"name":"Shaded","section":"Shading Mode"},"sceneLighting":true,"audioPlay":false,"sceneViewState":{"showFog":true,"showMaterialUpdate":false,"showSkybox":true,"showFlares":true,"showImageEffects":true,"showParticleSystems":true},"in2DMode":false,"pivot":{"x":-2.2572269439697267,"y":2.8061254024505617,"z":1.0603885650634766},"rotation":{"x":-0.05780301243066788,"y":0.8814359903335571,"z":-0.1119297593832016,"w":-0.4551933705806732},"size":7.244753360748291,"orthographic":false}